,id,latitude,longitude
0,1-1,50.107,19.82
1,1-2,50.10403,19.82
2,1-3,50.10106,19.82
3,1-4,50.09809,19.82
4,1-5,50.09512,19.82
5,1-6,50.09215,19.82
6,1-7,50.08918,19.82
7,1-8,50.08621,19.82
8,1-9,50.083239999999996,19.82
9,1-10,50.08027,19.82
10,1-11,50.0773,19.82
11,1-12,50.074329999999996,19.82
12,1-13,50.07136,19.82
13,1-14,50.06839,19.82
14,1-15,50.065419999999996,19.82
15,1-16,50.06245,19.82
16,1-17,50.05948,19.82
17,1-18,50.056509999999996,19.82
18,1-19,50.05354,19.82
19,1-20,50.05057,19.82
20,1-21,50.0476,19.82
21,1-22,50.04463,19.82
22,1-23,50.04166,19.82
23,1-24,50.03869,19.82
24,1-25,50.03572,19.82
25,1-26,50.03275,19.82
26,1-27,50.02978,19.82
27,1-28,50.02681,19.82
28,1-29,50.02384,19.82
29,1-30,50.02087,19.82
30,1-31,50.0179,19.82
31,1-32,50.01493,19.82
32,1-33,50.01196,19.82
33,1-34,50.00899,19.82
34,1-35,50.00602,19.82
35,2-1,50.107,19.82463
36,2-2,50.10403,19.82463
37,2-3,50.10106,19.82463
38,2-4,50.09809,19.82463
39,2-5,50.09512,19.82463
40,2-6,50.09215,19.82463
41,2-7,50.08918,19.82463
42,2-8,50.08621,19.82463
43,2-9,50.083239999999996,19.82463
44,2-10,50.08027,19.82463
45,2-11,50.0773,19.82463
46,2-12,50.074329999999996,19.82463
47,2-13,50.07136,19.82463
48,2-14,50.06839,19.82463
49,2-15,50.065419999999996,19.82463
50,2-16,50.06245,19.82463
51,2-17,50.05948,19.82463
52,2-18,50.056509999999996,19.82463
53,2-19,50.05354,19.82463
54,2-20,50.05057,19.82463
55,2-21,50.0476,19.82463
56,2-22,50.04463,19.82463
57,2-23,50.04166,19.82463
58,2-24,50.03869,19.82463
59,2-25,50.03572,19.82463
60,2-26,50.03275,19.82463
61,2-27,50.02978,19.82463
62,2-28,50.02681,19.82463
63,2-29,50.02384,19.82463
64,2-30,50.02087,19.82463
65,2-31,50.0179,19.82463
66,2-32,50.01493,19.82463
67,2-33,50.01196,19.82463
68,2-34,50.00899,19.82463
69,2-35,50.00602,19.82463
70,3-1,50.107,19.82926
71,3-2,50.10403,19.82926
72,3-3,50.10106,19.82926
73,3-4,50.09809,19.82926
74,3-5,50.09512,19.82926
75,3-6,50.09215,19.82926
76,3-7,50.08918,19.82926
77,3-8,50.08621,19.82926
78,3-9,50.083239999999996,19.82926
79,3-10,50.08027,19.82926
80,3-11,50.0773,19.82926
81,3-12,50.074329999999996,19.82926
82,3-13,50.07136,19.82926
83,3-14,50.06839,19.82926
84,3-15,50.065419999999996,19.82926
85,3-16,50.06245,19.82926
86,3-17,50.05948,19.82926
87,3-18,50.056509999999996,19.82926
88,3-19,50.05354,19.82926
89,3-20,50.05057,19.82926
90,3-21,50.0476,19.82926
91,3-22,50.04463,19.82926
92,3-23,50.04166,19.82926
93,3-24,50.03869,19.82926
94,3-25,50.03572,19.82926
95,3-26,50.03275,19.82926
96,3-27,50.02978,19.82926
97,3-28,50.02681,19.82926
98,3-29,50.02384,19.82926
99,3-30,50.02087,19.82926
100,3-31,50.0179,19.82926
101,3-32,50.01493,19.82926
102,3-33,50.01196,19.82926
103,3-34,50.00899,19.82926
104,3-35,50.00602,19.82926
105,4-1,50.107,19.83389
106,4-2,50.10403,19.83389
107,4-3,50.10106,19.83389
108,4-4,50.09809,19.83389
109,4-5,50.09512,19.83389
110,4-6,50.09215,19.83389
111,4-7,50.08918,19.83389
112,4-8,50.08621,19.83389
113,4-9,50.083239999999996,19.83389
114,4-10,50.08027,19.83389
115,4-11,50.0773,19.83389
116,4-12,50.074329999999996,19.83389
117,4-13,50.07136,19.83389
118,4-14,50.06839,19.83389
119,4-15,50.065419999999996,19.83389
120,4-16,50.06245,19.83389
121,4-17,50.05948,19.83389
122,4-18,50.056509999999996,19.83389
123,4-19,50.05354,19.83389
124,4-20,50.05057,19.83389
125,4-21,50.0476,19.83389
126,4-22,50.04463,19.83389
127,4-23,50.04166,19.83389
128,4-24,50.03869,19.83389
129,4-25,50.03572,19.83389
130,4-26,50.03275,19.83389
131,4-27,50.02978,19.83389
132,4-28,50.02681,19.83389
133,4-29,50.02384,19.83389
134,4-30,50.02087,19.83389
135,4-31,50.0179,19.83389
136,4-32,50.01493,19.83389
137,4-33,50.01196,19.83389
138,4-34,50.00899,19.83389
139,4-35,50.00602,19.83389
140,5-1,50.107,19.83852
141,5-2,50.10403,19.83852
142,5-3,50.10106,19.83852
143,5-4,50.09809,19.83852
144,5-5,50.09512,19.83852
145,5-6,50.09215,19.83852
146,5-7,50.08918,19.83852
147,5-8,50.08621,19.83852
148,5-9,50.083239999999996,19.83852
149,5-10,50.08027,19.83852
150,5-11,50.0773,19.83852
151,5-12,50.074329999999996,19.83852
152,5-13,50.07136,19.83852
153,5-14,50.06839,19.83852
154,5-15,50.065419999999996,19.83852
155,5-16,50.06245,19.83852
156,5-17,50.05948,19.83852
157,5-18,50.056509999999996,19.83852
158,5-19,50.05354,19.83852
159,5-20,50.05057,19.83852
160,5-21,50.0476,19.83852
161,5-22,50.04463,19.83852
162,5-23,50.04166,19.83852
163,5-24,50.03869,19.83852
164,5-25,50.03572,19.83852
165,5-26,50.03275,19.83852
166,5-27,50.02978,19.83852
167,5-28,50.02681,19.83852
168,5-29,50.02384,19.83852
169,5-30,50.02087,19.83852
170,5-31,50.0179,19.83852
171,5-32,50.01493,19.83852
172,5-33,50.01196,19.83852
173,5-34,50.00899,19.83852
174,5-35,50.00602,19.83852
175,6-1,50.107,19.84315
176,6-2,50.10403,19.84315
177,6-3,50.10106,19.84315
178,6-4,50.09809,19.84315
179,6-5,50.09512,19.84315
180,6-6,50.09215,19.84315
181,6-7,50.08918,19.84315
182,6-8,50.08621,19.84315
183,6-9,50.083239999999996,19.84315
184,6-10,50.08027,19.84315
185,6-11,50.0773,19.84315
186,6-12,50.074329999999996,19.84315
187,6-13,50.07136,19.84315
188,6-14,50.06839,19.84315
189,6-15,50.065419999999996,19.84315
190,6-16,50.06245,19.84315
191,6-17,50.05948,19.84315
192,6-18,50.056509999999996,19.84315
193,6-19,50.05354,19.84315
194,6-20,50.05057,19.84315
195,6-21,50.0476,19.84315
196,6-22,50.04463,19.84315
197,6-23,50.04166,19.84315
198,6-24,50.03869,19.84315
199,6-25,50.03572,19.84315
200,6-26,50.03275,19.84315
201,6-27,50.02978,19.84315
202,6-28,50.02681,19.84315
203,6-29,50.02384,19.84315
204,6-30,50.02087,19.84315
205,6-31,50.0179,19.84315
206,6-32,50.01493,19.84315
207,6-33,50.01196,19.84315
208,6-34,50.00899,19.84315
209,6-35,50.00602,19.84315
210,7-1,50.107,19.84778
211,7-2,50.10403,19.84778
212,7-3,50.10106,19.84778
213,7-4,50.09809,19.84778
214,7-5,50.09512,19.84778
215,7-6,50.09215,19.84778
216,7-7,50.08918,19.84778
217,7-8,50.08621,19.84778
218,7-9,50.083239999999996,19.84778
219,7-10,50.08027,19.84778
220,7-11,50.0773,19.84778
221,7-12,50.074329999999996,19.84778
222,7-13,50.07136,19.84778
223,7-14,50.06839,19.84778
224,7-15,50.065419999999996,19.84778
225,7-16,50.06245,19.84778
226,7-17,50.05948,19.84778
227,7-18,50.056509999999996,19.84778
228,7-19,50.05354,19.84778
229,7-20,50.05057,19.84778
230,7-21,50.0476,19.84778
231,7-22,50.04463,19.84778
232,7-23,50.04166,19.84778
233,7-24,50.03869,19.84778
234,7-25,50.03572,19.84778
235,7-26,50.03275,19.84778
236,7-27,50.02978,19.84778
237,7-28,50.02681,19.84778
238,7-29,50.02384,19.84778
239,7-30,50.02087,19.84778
240,7-31,50.0179,19.84778
241,7-32,50.01493,19.84778
242,7-33,50.01196,19.84778
243,7-34,50.00899,19.84778
244,7-35,50.00602,19.84778
245,8-1,50.107,19.85241
246,8-2,50.10403,19.85241
247,8-3,50.10106,19.85241
248,8-4,50.09809,19.85241
249,8-5,50.09512,19.85241
250,8-6,50.09215,19.85241
251,8-7,50.08918,19.85241
252,8-8,50.08621,19.85241
253,8-9,50.083239999999996,19.85241
254,8-10,50.08027,19.85241
255,8-11,50.0773,19.85241
256,8-12,50.074329999999996,19.85241
257,8-13,50.07136,19.85241
258,8-14,50.06839,19.85241
259,8-15,50.065419999999996,19.85241
260,8-16,50.06245,19.85241
261,8-17,50.05948,19.85241
262,8-18,50.056509999999996,19.85241
263,8-19,50.05354,19.85241
264,8-20,50.05057,19.85241
265,8-21,50.0476,19.85241
266,8-22,50.04463,19.85241
267,8-23,50.04166,19.85241
268,8-24,50.03869,19.85241
269,8-25,50.03572,19.85241
270,8-26,50.03275,19.85241
271,8-27,50.02978,19.85241
272,8-28,50.02681,19.85241
273,8-29,50.02384,19.85241
274,8-30,50.02087,19.85241
275,8-31,50.0179,19.85241
276,8-32,50.01493,19.85241
277,8-33,50.01196,19.85241
278,8-34,50.00899,19.85241
279,8-35,50.00602,19.85241
280,9-1,50.107,19.85704
281,9-2,50.10403,19.85704
282,9-3,50.10106,19.85704
283,9-4,50.09809,19.85704
284,9-5,50.09512,19.85704
285,9-6,50.09215,19.85704
286,9-7,50.08918,19.85704
287,9-8,50.08621,19.85704
288,9-9,50.083239999999996,19.85704
289,9-10,50.08027,19.85704
290,9-11,50.0773,19.85704
291,9-12,50.074329999999996,19.85704
292,9-13,50.07136,19.85704
293,9-14,50.06839,19.85704
294,9-15,50.065419999999996,19.85704
295,9-16,50.06245,19.85704
296,9-17,50.05948,19.85704
297,9-18,50.056509999999996,19.85704
298,9-19,50.05354,19.85704
299,9-20,50.05057,19.85704
300,9-21,50.0476,19.85704
301,9-22,50.04463,19.85704
302,9-23,50.04166,19.85704
303,9-24,50.03869,19.85704
304,9-25,50.03572,19.85704
305,9-26,50.03275,19.85704
306,9-27,50.02978,19.85704
307,9-28,50.02681,19.85704
308,9-29,50.02384,19.85704
309,9-30,50.02087,19.85704
310,9-31,50.0179,19.85704
311,9-32,50.01493,19.85704
312,9-33,50.01196,19.85704
313,9-34,50.00899,19.85704
314,9-35,50.00602,19.85704
315,10-1,50.107,19.86167
316,10-2,50.10403,19.86167
317,10-3,50.10106,19.86167
318,10-4,50.09809,19.86167
319,10-5,50.09512,19.86167
320,10-6,50.09215,19.86167
321,10-7,50.08918,19.86167
322,10-8,50.08621,19.86167
323,10-9,50.083239999999996,19.86167
324,10-10,50.08027,19.86167
325,10-11,50.0773,19.86167
326,10-12,50.074329999999996,19.86167
327,10-13,50.07136,19.86167
328,10-14,50.06839,19.86167
329,10-15,50.065419999999996,19.86167
330,10-16,50.06245,19.86167
331,10-17,50.05948,19.86167
332,10-18,50.056509999999996,19.86167
333,10-19,50.05354,19.86167
334,10-20,50.05057,19.86167
335,10-21,50.0476,19.86167
336,10-22,50.04463,19.86167
337,10-23,50.04166,19.86167
338,10-24,50.03869,19.86167
339,10-25,50.03572,19.86167
340,10-26,50.03275,19.86167
341,10-27,50.02978,19.86167
342,10-28,50.02681,19.86167
343,10-29,50.02384,19.86167
344,10-30,50.02087,19.86167
345,10-31,50.0179,19.86167
346,10-32,50.01493,19.86167
347,10-33,50.01196,19.86167
348,10-34,50.00899,19.86167
349,10-35,50.00602,19.86167
350,11-1,50.107,19.8663
351,11-2,50.10403,19.8663
352,11-3,50.10106,19.8663
353,11-4,50.09809,19.8663
354,11-5,50.09512,19.8663
355,11-6,50.09215,19.8663
356,11-7,50.08918,19.8663
357,11-8,50.08621,19.8663
358,11-9,50.083239999999996,19.8663
359,11-10,50.08027,19.8663
360,11-11,50.0773,19.8663
361,11-12,50.074329999999996,19.8663
362,11-13,50.07136,19.8663
363,11-14,50.06839,19.8663
364,11-15,50.065419999999996,19.8663
365,11-16,50.06245,19.8663
366,11-17,50.05948,19.8663
367,11-18,50.056509999999996,19.8663
368,11-19,50.05354,19.8663
369,11-20,50.05057,19.8663
370,11-21,50.0476,19.8663
371,11-22,50.04463,19.8663
372,11-23,50.04166,19.8663
373,11-24,50.03869,19.8663
374,11-25,50.03572,19.8663
375,11-26,50.03275,19.8663
376,11-27,50.02978,19.8663
377,11-28,50.02681,19.8663
378,11-29,50.02384,19.8663
379,11-30,50.02087,19.8663
380,11-31,50.0179,19.8663
381,11-32,50.01493,19.8663
382,11-33,50.01196,19.8663
383,11-34,50.00899,19.8663
384,11-35,50.00602,19.8663
385,12-1,50.107,19.87093
386,12-2,50.10403,19.87093
387,12-3,50.10106,19.87093
388,12-4,50.09809,19.87093
389,12-5,50.09512,19.87093
390,12-6,50.09215,19.87093
391,12-7,50.08918,19.87093
392,12-8,50.08621,19.87093
393,12-9,50.083239999999996,19.87093
394,12-10,50.08027,19.87093
395,12-11,50.0773,19.87093
396,12-12,50.074329999999996,19.87093
397,12-13,50.07136,19.87093
398,12-14,50.06839,19.87093
399,12-15,50.065419999999996,19.87093
400,12-16,50.06245,19.87093
401,12-17,50.05948,19.87093
402,12-18,50.056509999999996,19.87093
403,12-19,50.05354,19.87093
404,12-20,50.05057,19.87093
405,12-21,50.0476,19.87093
406,12-22,50.04463,19.87093
407,12-23,50.04166,19.87093
408,12-24,50.03869,19.87093
409,12-25,50.03572,19.87093
410,12-26,50.03275,19.87093
411,12-27,50.02978,19.87093
412,12-28,50.02681,19.87093
413,12-29,50.02384,19.87093
414,12-30,50.02087,19.87093
415,12-31,50.0179,19.87093
416,12-32,50.01493,19.87093
417,12-33,50.01196,19.87093
418,12-34,50.00899,19.87093
419,12-35,50.00602,19.87093
420,13-1,50.107,19.87556
421,13-2,50.10403,19.87556
422,13-3,50.10106,19.87556
423,13-4,50.09809,19.87556
424,13-5,50.09512,19.87556
425,13-6,50.09215,19.87556
426,13-7,50.08918,19.87556
427,13-8,50.08621,19.87556
428,13-9,50.083239999999996,19.87556
429,13-10,50.08027,19.87556
430,13-11,50.0773,19.87556
431,13-12,50.074329999999996,19.87556
432,13-13,50.07136,19.87556
433,13-14,50.06839,19.87556
434,13-15,50.065419999999996,19.87556
435,13-16,50.06245,19.87556
436,13-17,50.05948,19.87556
437,13-18,50.056509999999996,19.87556
438,13-19,50.05354,19.87556
439,13-20,50.05057,19.87556
440,13-21,50.0476,19.87556
441,13-22,50.04463,19.87556
442,13-23,50.04166,19.87556
443,13-24,50.03869,19.87556
444,13-25,50.03572,19.87556
445,13-26,50.03275,19.87556
446,13-27,50.02978,19.87556
447,13-28,50.02681,19.87556
448,13-29,50.02384,19.87556
449,13-30,50.02087,19.87556
450,13-31,50.0179,19.87556
451,13-32,50.01493,19.87556
452,13-33,50.01196,19.87556
453,13-34,50.00899,19.87556
454,13-35,50.00602,19.87556
455,14-1,50.107,19.88019
456,14-2,50.10403,19.88019
457,14-3,50.10106,19.88019
458,14-4,50.09809,19.88019
459,14-5,50.09512,19.88019
460,14-6,50.09215,19.88019
461,14-7,50.08918,19.88019
462,14-8,50.08621,19.88019
463,14-9,50.083239999999996,19.88019
464,14-10,50.08027,19.88019
465,14-11,50.0773,19.88019
466,14-12,50.074329999999996,19.88019
467,14-13,50.07136,19.88019
468,14-14,50.06839,19.88019
469,14-15,50.065419999999996,19.88019
470,14-16,50.06245,19.88019
471,14-17,50.05948,19.88019
472,14-18,50.056509999999996,19.88019
473,14-19,50.05354,19.88019
474,14-20,50.05057,19.88019
475,14-21,50.0476,19.88019
476,14-22,50.04463,19.88019
477,14-23,50.04166,19.88019
478,14-24,50.03869,19.88019
479,14-25,50.03572,19.88019
480,14-26,50.03275,19.88019
481,14-27,50.02978,19.88019
482,14-28,50.02681,19.88019
483,14-29,50.02384,19.88019
484,14-30,50.02087,19.88019
485,14-31,50.0179,19.88019
486,14-32,50.01493,19.88019
487,14-33,50.01196,19.88019
488,14-34,50.00899,19.88019
489,14-35,50.00602,19.88019
490,15-1,50.107,19.88482
491,15-2,50.10403,19.88482
492,15-3,50.10106,19.88482
493,15-4,50.09809,19.88482
494,15-5,50.09512,19.88482
495,15-6,50.09215,19.88482
496,15-7,50.08918,19.88482
497,15-8,50.08621,19.88482
498,15-9,50.083239999999996,19.88482
499,15-10,50.08027,19.88482
500,15-11,50.0773,19.88482
501,15-12,50.074329999999996,19.88482
502,15-13,50.07136,19.88482
503,15-14,50.06839,19.88482
504,15-15,50.065419999999996,19.88482
505,15-16,50.06245,19.88482
506,15-17,50.05948,19.88482
507,15-18,50.056509999999996,19.88482
508,15-19,50.05354,19.88482
509,15-20,50.05057,19.88482
510,15-21,50.0476,19.88482
511,15-22,50.04463,19.88482
512,15-23,50.04166,19.88482
513,15-24,50.03869,19.88482
514,15-25,50.03572,19.88482
515,15-26,50.03275,19.88482
516,15-27,50.02978,19.88482
517,15-28,50.02681,19.88482
518,15-29,50.02384,19.88482
519,15-30,50.02087,19.88482
520,15-31,50.0179,19.88482
521,15-32,50.01493,19.88482
522,15-33,50.01196,19.88482
523,15-34,50.00899,19.88482
524,15-35,50.00602,19.88482
525,16-1,50.107,19.88945
526,16-2,50.10403,19.88945
527,16-3,50.10106,19.88945
528,16-4,50.09809,19.88945
529,16-5,50.09512,19.88945
530,16-6,50.09215,19.88945
531,16-7,50.08918,19.88945
532,16-8,50.08621,19.88945
533,16-9,50.083239999999996,19.88945
534,16-10,50.08027,19.88945
535,16-11,50.0773,19.88945
536,16-12,50.074329999999996,19.88945
537,16-13,50.07136,19.88945
538,16-14,50.06839,19.88945
539,16-15,50.065419999999996,19.88945
540,16-16,50.06245,19.88945
541,16-17,50.05948,19.88945
542,16-18,50.056509999999996,19.88945
543,16-19,50.05354,19.88945
544,16-20,50.05057,19.88945
545,16-21,50.0476,19.88945
546,16-22,50.04463,19.88945
547,16-23,50.04166,19.88945
548,16-24,50.03869,19.88945
549,16-25,50.03572,19.88945
550,16-26,50.03275,19.88945
551,16-27,50.02978,19.88945
552,16-28,50.02681,19.88945
553,16-29,50.02384,19.88945
554,16-30,50.02087,19.88945
555,16-31,50.0179,19.88945
556,16-32,50.01493,19.88945
557,16-33,50.01196,19.88945
558,16-34,50.00899,19.88945
559,16-35,50.00602,19.88945
560,17-1,50.107,19.89408
561,17-2,50.10403,19.89408
562,17-3,50.10106,19.89408
563,17-4,50.09809,19.89408
564,17-5,50.09512,19.89408
565,17-6,50.09215,19.89408
566,17-7,50.08918,19.89408
567,17-8,50.08621,19.89408
568,17-9,50.083239999999996,19.89408
569,17-10,50.08027,19.89408
570,17-11,50.0773,19.89408
571,17-12,50.074329999999996,19.89408
572,17-13,50.07136,19.89408
573,17-14,50.06839,19.89408
574,17-15,50.065419999999996,19.89408
575,17-16,50.06245,19.89408
576,17-17,50.05948,19.89408
577,17-18,50.056509999999996,19.89408
578,17-19,50.05354,19.89408
579,17-20,50.05057,19.89408
580,17-21,50.0476,19.89408
581,17-22,50.04463,19.89408
582,17-23,50.04166,19.89408
583,17-24,50.03869,19.89408
584,17-25,50.03572,19.89408
585,17-26,50.03275,19.89408
586,17-27,50.02978,19.89408
587,17-28,50.02681,19.89408
588,17-29,50.02384,19.89408
589,17-30,50.02087,19.89408
590,17-31,50.0179,19.89408
591,17-32,50.01493,19.89408
592,17-33,50.01196,19.89408
593,17-34,50.00899,19.89408
594,17-35,50.00602,19.89408
595,18-1,50.107,19.89871
596,18-2,50.10403,19.89871
597,18-3,50.10106,19.89871
598,18-4,50.09809,19.89871
599,18-5,50.09512,19.89871
600,18-6,50.09215,19.89871
601,18-7,50.08918,19.89871
602,18-8,50.08621,19.89871
603,18-9,50.083239999999996,19.89871
604,18-10,50.08027,19.89871
605,18-11,50.0773,19.89871
606,18-12,50.074329999999996,19.89871
607,18-13,50.07136,19.89871
608,18-14,50.06839,19.89871
609,18-15,50.065419999999996,19.89871
610,18-16,50.06245,19.89871
611,18-17,50.05948,19.89871
612,18-18,50.056509999999996,19.89871
613,18-19,50.05354,19.89871
614,18-20,50.05057,19.89871
615,18-21,50.0476,19.89871
616,18-22,50.04463,19.89871
617,18-23,50.04166,19.89871
618,18-24,50.03869,19.89871
619,18-25,50.03572,19.89871
620,18-26,50.03275,19.89871
621,18-27,50.02978,19.89871
622,18-28,50.02681,19.89871
623,18-29,50.02384,19.89871
624,18-30,50.02087,19.89871
625,18-31,50.0179,19.89871
626,18-32,50.01493,19.89871
627,18-33,50.01196,19.89871
628,18-34,50.00899,19.89871
629,18-35,50.00602,19.89871
630,19-1,50.107,19.90334
631,19-2,50.10403,19.90334
632,19-3,50.10106,19.90334
633,19-4,50.09809,19.90334
634,19-5,50.09512,19.90334
635,19-6,50.09215,19.90334
636,19-7,50.08918,19.90334
637,19-8,50.08621,19.90334
638,19-9,50.083239999999996,19.90334
639,19-10,50.08027,19.90334
640,19-11,50.0773,19.90334
641,19-12,50.074329999999996,19.90334
642,19-13,50.07136,19.90334
643,19-14,50.06839,19.90334
644,19-15,50.065419999999996,19.90334
645,19-16,50.06245,19.90334
646,19-17,50.05948,19.90334
647,19-18,50.056509999999996,19.90334
648,19-19,50.05354,19.90334
649,19-20,50.05057,19.90334
650,19-21,50.0476,19.90334
651,19-22,50.04463,19.90334
652,19-23,50.04166,19.90334
653,19-24,50.03869,19.90334
654,19-25,50.03572,19.90334
655,19-26,50.03275,19.90334
656,19-27,50.02978,19.90334
657,19-28,50.02681,19.90334
658,19-29,50.02384,19.90334
659,19-30,50.02087,19.90334
660,19-31,50.0179,19.90334
661,19-32,50.01493,19.90334
662,19-33,50.01196,19.90334
663,19-34,50.00899,19.90334
664,19-35,50.00602,19.90334
665,20-1,50.107,19.90797
666,20-2,50.10403,19.90797
667,20-3,50.10106,19.90797
668,20-4,50.09809,19.90797
669,20-5,50.09512,19.90797
670,20-6,50.09215,19.90797
671,20-7,50.08918,19.90797
672,20-8,50.08621,19.90797
673,20-9,50.083239999999996,19.90797
674,20-10,50.08027,19.90797
675,20-11,50.0773,19.90797
676,20-12,50.074329999999996,19.90797
677,20-13,50.07136,19.90797
678,20-14,50.06839,19.90797
679,20-15,50.065419999999996,19.90797
680,20-16,50.06245,19.90797
681,20-17,50.05948,19.90797
682,20-18,50.056509999999996,19.90797
683,20-19,50.05354,19.90797
684,20-20,50.05057,19.90797
685,20-21,50.0476,19.90797
686,20-22,50.04463,19.90797
687,20-23,50.04166,19.90797
688,20-24,50.03869,19.90797
689,20-25,50.03572,19.90797
690,20-26,50.03275,19.90797
691,20-27,50.02978,19.90797
692,20-28,50.02681,19.90797
693,20-29,50.02384,19.90797
694,20-30,50.02087,19.90797
695,20-31,50.0179,19.90797
696,20-32,50.01493,19.90797
697,20-33,50.01196,19.90797
698,20-34,50.00899,19.90797
699,20-35,50.00602,19.90797
700,21-1,50.107,19.9126
701,21-2,50.10403,19.9126
702,21-3,50.10106,19.9126
703,21-4,50.09809,19.9126
704,21-5,50.09512,19.9126
705,21-6,50.09215,19.9126
706,21-7,50.08918,19.9126
707,21-8,50.08621,19.9126
708,21-9,50.083239999999996,19.9126
709,21-10,50.08027,19.9126
710,21-11,50.0773,19.9126
711,21-12,50.074329999999996,19.9126
712,21-13,50.07136,19.9126
713,21-14,50.06839,19.9126
714,21-15,50.065419999999996,19.9126
715,21-16,50.06245,19.9126
716,21-17,50.05948,19.9126
717,21-18,50.056509999999996,19.9126
718,21-19,50.05354,19.9126
719,21-20,50.05057,19.9126
720,21-21,50.0476,19.9126
721,21-22,50.04463,19.9126
722,21-23,50.04166,19.9126
723,21-24,50.03869,19.9126
724,21-25,50.03572,19.9126
725,21-26,50.03275,19.9126
726,21-27,50.02978,19.9126
727,21-28,50.02681,19.9126
728,21-29,50.02384,19.9126
729,21-30,50.02087,19.9126
730,21-31,50.0179,19.9126
731,21-32,50.01493,19.9126
732,21-33,50.01196,19.9126
733,21-34,50.00899,19.9126
734,21-35,50.00602,19.9126
735,22-1,50.107,19.91723
736,22-2,50.10403,19.91723
737,22-3,50.10106,19.91723
738,22-4,50.09809,19.91723
739,22-5,50.09512,19.91723
740,22-6,50.09215,19.91723
741,22-7,50.08918,19.91723
742,22-8,50.08621,19.91723
743,22-9,50.083239999999996,19.91723
744,22-10,50.08027,19.91723
745,22-11,50.0773,19.91723
746,22-12,50.074329999999996,19.91723
747,22-13,50.07136,19.91723
748,22-14,50.06839,19.91723
749,22-15,50.065419999999996,19.91723
750,22-16,50.06245,19.91723
751,22-17,50.05948,19.91723
752,22-18,50.056509999999996,19.91723
753,22-19,50.05354,19.91723
754,22-20,50.05057,19.91723
755,22-21,50.0476,19.91723
756,22-22,50.04463,19.91723
757,22-23,50.04166,19.91723
758,22-24,50.03869,19.91723
759,22-25,50.03572,19.91723
760,22-26,50.03275,19.91723
761,22-27,50.02978,19.91723
762,22-28,50.02681,19.91723
763,22-29,50.02384,19.91723
764,22-30,50.02087,19.91723
765,22-31,50.0179,19.91723
766,22-32,50.01493,19.91723
767,22-33,50.01196,19.91723
768,22-34,50.00899,19.91723
769,22-35,50.00602,19.91723
770,23-1,50.107,19.92186
771,23-2,50.10403,19.92186
772,23-3,50.10106,19.92186
773,23-4,50.09809,19.92186
774,23-5,50.09512,19.92186
775,23-6,50.09215,19.92186
776,23-7,50.08918,19.92186
777,23-8,50.08621,19.92186
778,23-9,50.083239999999996,19.92186
779,23-10,50.08027,19.92186
780,23-11,50.0773,19.92186
781,23-12,50.074329999999996,19.92186
782,23-13,50.07136,19.92186
783,23-14,50.06839,19.92186
784,23-15,50.065419999999996,19.92186
785,23-16,50.06245,19.92186
786,23-17,50.05948,19.92186
787,23-18,50.056509999999996,19.92186
788,23-19,50.05354,19.92186
789,23-20,50.05057,19.92186
790,23-21,50.0476,19.92186
791,23-22,50.04463,19.92186
792,23-23,50.04166,19.92186
793,23-24,50.03869,19.92186
794,23-25,50.03572,19.92186
795,23-26,50.03275,19.92186
796,23-27,50.02978,19.92186
797,23-28,50.02681,19.92186
798,23-29,50.02384,19.92186
799,23-30,50.02087,19.92186
800,23-31,50.0179,19.92186
801,23-32,50.01493,19.92186
802,23-33,50.01196,19.92186
803,23-34,50.00899,19.92186
804,23-35,50.00602,19.92186
805,24-1,50.107,19.92649
806,24-2,50.10403,19.92649
807,24-3,50.10106,19.92649
808,24-4,50.09809,19.92649
809,24-5,50.09512,19.92649
810,24-6,50.09215,19.92649
811,24-7,50.08918,19.92649
812,24-8,50.08621,19.92649
813,24-9,50.083239999999996,19.92649
814,24-10,50.08027,19.92649
815,24-11,50.0773,19.92649
816,24-12,50.074329999999996,19.92649
817,24-13,50.07136,19.92649
818,24-14,50.06839,19.92649
819,24-15,50.065419999999996,19.92649
820,24-16,50.06245,19.92649
821,24-17,50.05948,19.92649
822,24-18,50.056509999999996,19.92649
823,24-19,50.05354,19.92649
824,24-20,50.05057,19.92649
825,24-21,50.0476,19.92649
826,24-22,50.04463,19.92649
827,24-23,50.04166,19.92649
828,24-24,50.03869,19.92649
829,24-25,50.03572,19.92649
830,24-26,50.03275,19.92649
831,24-27,50.02978,19.92649
832,24-28,50.02681,19.92649
833,24-29,50.02384,19.92649
834,24-30,50.02087,19.92649
835,24-31,50.0179,19.92649
836,24-32,50.01493,19.92649
837,24-33,50.01196,19.92649
838,24-34,50.00899,19.92649
839,24-35,50.00602,19.92649
840,25-1,50.107,19.93112
841,25-2,50.10403,19.93112
842,25-3,50.10106,19.93112
843,25-4,50.09809,19.93112
844,25-5,50.09512,19.93112
845,25-6,50.09215,19.93112
846,25-7,50.08918,19.93112
847,25-8,50.08621,19.93112
848,25-9,50.083239999999996,19.93112
849,25-10,50.08027,19.93112
850,25-11,50.0773,19.93112
851,25-12,50.074329999999996,19.93112
852,25-13,50.07136,19.93112
853,25-14,50.06839,19.93112
854,25-15,50.065419999999996,19.93112
855,25-16,50.06245,19.93112
856,25-17,50.05948,19.93112
857,25-18,50.056509999999996,19.93112
858,25-19,50.05354,19.93112
859,25-20,50.05057,19.93112
860,25-21,50.0476,19.93112
861,25-22,50.04463,19.93112
862,25-23,50.04166,19.93112
863,25-24,50.03869,19.93112
864,25-25,50.03572,19.93112
865,25-26,50.03275,19.93112
866,25-27,50.02978,19.93112
867,25-28,50.02681,19.93112
868,25-29,50.02384,19.93112
869,25-30,50.02087,19.93112
870,25-31,50.0179,19.93112
871,25-32,50.01493,19.93112
872,25-33,50.01196,19.93112
873,25-34,50.00899,19.93112
874,25-35,50.00602,19.93112
875,26-1,50.107,19.93575
876,26-2,50.10403,19.93575
877,26-3,50.10106,19.93575
878,26-4,50.09809,19.93575
879,26-5,50.09512,19.93575
880,26-6,50.09215,19.93575
881,26-7,50.08918,19.93575
882,26-8,50.08621,19.93575
883,26-9,50.083239999999996,19.93575
884,26-10,50.08027,19.93575
885,26-11,50.0773,19.93575
886,26-12,50.074329999999996,19.93575
887,26-13,50.07136,19.93575
888,26-14,50.06839,19.93575
889,26-15,50.065419999999996,19.93575
890,26-16,50.06245,19.93575
891,26-17,50.05948,19.93575
892,26-18,50.056509999999996,19.93575
893,26-19,50.05354,19.93575
894,26-20,50.05057,19.93575
895,26-21,50.0476,19.93575
896,26-22,50.04463,19.93575
897,26-23,50.04166,19.93575
898,26-24,50.03869,19.93575
899,26-25,50.03572,19.93575
900,26-26,50.03275,19.93575
901,26-27,50.02978,19.93575
902,26-28,50.02681,19.93575
903,26-29,50.02384,19.93575
904,26-30,50.02087,19.93575
905,26-31,50.0179,19.93575
906,26-32,50.01493,19.93575
907,26-33,50.01196,19.93575
908,26-34,50.00899,19.93575
909,26-35,50.00602,19.93575
910,27-1,50.107,19.94038
911,27-2,50.10403,19.94038
912,27-3,50.10106,19.94038
913,27-4,50.09809,19.94038
914,27-5,50.09512,19.94038
915,27-6,50.09215,19.94038
916,27-7,50.08918,19.94038
917,27-8,50.08621,19.94038
918,27-9,50.083239999999996,19.94038
919,27-10,50.08027,19.94038
920,27-11,50.0773,19.94038
921,27-12,50.074329999999996,19.94038
922,27-13,50.07136,19.94038
923,27-14,50.06839,19.94038
924,27-15,50.065419999999996,19.94038
925,27-16,50.06245,19.94038
926,27-17,50.05948,19.94038
927,27-18,50.056509999999996,19.94038
928,27-19,50.05354,19.94038
929,27-20,50.05057,19.94038
930,27-21,50.0476,19.94038
931,27-22,50.04463,19.94038
932,27-23,50.04166,19.94038
933,27-24,50.03869,19.94038
934,27-25,50.03572,19.94038
935,27-26,50.03275,19.94038
936,27-27,50.02978,19.94038
937,27-28,50.02681,19.94038
938,27-29,50.02384,19.94038
939,27-30,50.02087,19.94038
940,27-31,50.0179,19.94038
941,27-32,50.01493,19.94038
942,27-33,50.01196,19.94038
943,27-34,50.00899,19.94038
944,27-35,50.00602,19.94038
945,28-1,50.107,19.94501
946,28-2,50.10403,19.94501
947,28-3,50.10106,19.94501
948,28-4,50.09809,19.94501
949,28-5,50.09512,19.94501
950,28-6,50.09215,19.94501
951,28-7,50.08918,19.94501
952,28-8,50.08621,19.94501
953,28-9,50.083239999999996,19.94501
954,28-10,50.08027,19.94501
955,28-11,50.0773,19.94501
956,28-12,50.074329999999996,19.94501
957,28-13,50.07136,19.94501
958,28-14,50.06839,19.94501
959,28-15,50.065419999999996,19.94501
960,28-16,50.06245,19.94501
961,28-17,50.05948,19.94501
962,28-18,50.056509999999996,19.94501
963,28-19,50.05354,19.94501
964,28-20,50.05057,19.94501
965,28-21,50.0476,19.94501
966,28-22,50.04463,19.94501
967,28-23,50.04166,19.94501
968,28-24,50.03869,19.94501
969,28-25,50.03572,19.94501
970,28-26,50.03275,19.94501
971,28-27,50.02978,19.94501
972,28-28,50.02681,19.94501
973,28-29,50.02384,19.94501
974,28-30,50.02087,19.94501
975,28-31,50.0179,19.94501
976,28-32,50.01493,19.94501
977,28-33,50.01196,19.94501
978,28-34,50.00899,19.94501
979,28-35,50.00602,19.94501
980,29-1,50.107,19.94964
981,29-2,50.10403,19.94964
982,29-3,50.10106,19.94964
983,29-4,50.09809,19.94964
984,29-5,50.09512,19.94964
985,29-6,50.09215,19.94964
986,29-7,50.08918,19.94964
987,29-8,50.08621,19.94964
988,29-9,50.083239999999996,19.94964
989,29-10,50.08027,19.94964
990,29-11,50.0773,19.94964
991,29-12,50.074329999999996,19.94964
992,29-13,50.07136,19.94964
993,29-14,50.06839,19.94964
994,29-15,50.065419999999996,19.94964
995,29-16,50.06245,19.94964
996,29-17,50.05948,19.94964
997,29-18,50.056509999999996,19.94964
998,29-19,50.05354,19.94964
999,29-20,50.05057,19.94964
1000,29-21,50.0476,19.94964
1001,29-22,50.04463,19.94964
1002,29-23,50.04166,19.94964
1003,29-24,50.03869,19.94964
1004,29-25,50.03572,19.94964
1005,29-26,50.03275,19.94964
1006,29-27,50.02978,19.94964
1007,29-28,50.02681,19.94964
1008,29-29,50.02384,19.94964
1009,29-30,50.02087,19.94964
1010,29-31,50.0179,19.94964
1011,29-32,50.01493,19.94964
1012,29-33,50.01196,19.94964
1013,29-34,50.00899,19.94964
1014,29-35,50.00602,19.94964
1015,30-1,50.107,19.95427
1016,30-2,50.10403,19.95427
1017,30-3,50.10106,19.95427
1018,30-4,50.09809,19.95427
1019,30-5,50.09512,19.95427
1020,30-6,50.09215,19.95427
1021,30-7,50.08918,19.95427
1022,30-8,50.08621,19.95427
1023,30-9,50.083239999999996,19.95427
1024,30-10,50.08027,19.95427
1025,30-11,50.0773,19.95427
1026,30-12,50.074329999999996,19.95427
1027,30-13,50.07136,19.95427
1028,30-14,50.06839,19.95427
1029,30-15,50.065419999999996,19.95427
1030,30-16,50.06245,19.95427
1031,30-17,50.05948,19.95427
1032,30-18,50.056509999999996,19.95427
1033,30-19,50.05354,19.95427
1034,30-20,50.05057,19.95427
1035,30-21,50.0476,19.95427
1036,30-22,50.04463,19.95427
1037,30-23,50.04166,19.95427
1038,30-24,50.03869,19.95427
1039,30-25,50.03572,19.95427
1040,30-26,50.03275,19.95427
1041,30-27,50.02978,19.95427
1042,30-28,50.02681,19.95427
1043,30-29,50.02384,19.95427
1044,30-30,50.02087,19.95427
1045,30-31,50.0179,19.95427
1046,30-32,50.01493,19.95427
1047,30-33,50.01196,19.95427
1048,30-34,50.00899,19.95427
1049,30-35,50.00602,19.95427
1050,31-1,50.107,19.9589
1051,31-2,50.10403,19.9589
1052,31-3,50.10106,19.9589
1053,31-4,50.09809,19.9589
1054,31-5,50.09512,19.9589
1055,31-6,50.09215,19.9589
1056,31-7,50.08918,19.9589
1057,31-8,50.08621,19.9589
1058,31-9,50.083239999999996,19.9589
1059,31-10,50.08027,19.9589
1060,31-11,50.0773,19.9589
1061,31-12,50.074329999999996,19.9589
1062,31-13,50.07136,19.9589
1063,31-14,50.06839,19.9589
1064,31-15,50.065419999999996,19.9589
1065,31-16,50.06245,19.9589
1066,31-17,50.05948,19.9589
1067,31-18,50.056509999999996,19.9589
1068,31-19,50.05354,19.9589
1069,31-20,50.05057,19.9589
1070,31-21,50.0476,19.9589
1071,31-22,50.04463,19.9589
1072,31-23,50.04166,19.9589
1073,31-24,50.03869,19.9589
1074,31-25,50.03572,19.9589
1075,31-26,50.03275,19.9589
1076,31-27,50.02978,19.9589
1077,31-28,50.02681,19.9589
1078,31-29,50.02384,19.9589
1079,31-30,50.02087,19.9589
1080,31-31,50.0179,19.9589
1081,31-32,50.01493,19.9589
1082,31-33,50.01196,19.9589
1083,31-34,50.00899,19.9589
1084,31-35,50.00602,19.9589
1085,32-1,50.107,19.96353
1086,32-2,50.10403,19.96353
1087,32-3,50.10106,19.96353
1088,32-4,50.09809,19.96353
1089,32-5,50.09512,19.96353
1090,32-6,50.09215,19.96353
1091,32-7,50.08918,19.96353
1092,32-8,50.08621,19.96353
1093,32-9,50.083239999999996,19.96353
1094,32-10,50.08027,19.96353
1095,32-11,50.0773,19.96353
1096,32-12,50.074329999999996,19.96353
1097,32-13,50.07136,19.96353
1098,32-14,50.06839,19.96353
1099,32-15,50.065419999999996,19.96353
1100,32-16,50.06245,19.96353
1101,32-17,50.05948,19.96353
1102,32-18,50.056509999999996,19.96353
1103,32-19,50.05354,19.96353
1104,32-20,50.05057,19.96353
1105,32-21,50.0476,19.96353
1106,32-22,50.04463,19.96353
1107,32-23,50.04166,19.96353
1108,32-24,50.03869,19.96353
1109,32-25,50.03572,19.96353
1110,32-26,50.03275,19.96353
1111,32-27,50.02978,19.96353
1112,32-28,50.02681,19.96353
1113,32-29,50.02384,19.96353
1114,32-30,50.02087,19.96353
1115,32-31,50.0179,19.96353
1116,32-32,50.01493,19.96353
1117,32-33,50.01196,19.96353
1118,32-34,50.00899,19.96353
1119,32-35,50.00602,19.96353
1120,33-1,50.107,19.96816
1121,33-2,50.10403,19.96816
1122,33-3,50.10106,19.96816
1123,33-4,50.09809,19.96816
1124,33-5,50.09512,19.96816
1125,33-6,50.09215,19.96816
1126,33-7,50.08918,19.96816
1127,33-8,50.08621,19.96816
1128,33-9,50.083239999999996,19.96816
1129,33-10,50.08027,19.96816
1130,33-11,50.0773,19.96816
1131,33-12,50.074329999999996,19.96816
1132,33-13,50.07136,19.96816
1133,33-14,50.06839,19.96816
1134,33-15,50.065419999999996,19.96816
1135,33-16,50.06245,19.96816
1136,33-17,50.05948,19.96816
1137,33-18,50.056509999999996,19.96816
1138,33-19,50.05354,19.96816
1139,33-20,50.05057,19.96816
1140,33-21,50.0476,19.96816
1141,33-22,50.04463,19.96816
1142,33-23,50.04166,19.96816
1143,33-24,50.03869,19.96816
1144,33-25,50.03572,19.96816
1145,33-26,50.03275,19.96816
1146,33-27,50.02978,19.96816
1147,33-28,50.02681,19.96816
1148,33-29,50.02384,19.96816
1149,33-30,50.02087,19.96816
1150,33-31,50.0179,19.96816
1151,33-32,50.01493,19.96816
1152,33-33,50.01196,19.96816
1153,33-34,50.00899,19.96816
1154,33-35,50.00602,19.96816
1155,34-1,50.107,19.97279
1156,34-2,50.10403,19.97279
1157,34-3,50.10106,19.97279
1158,34-4,50.09809,19.97279
1159,34-5,50.09512,19.97279
1160,34-6,50.09215,19.97279
1161,34-7,50.08918,19.97279
1162,34-8,50.08621,19.97279
1163,34-9,50.083239999999996,19.97279
1164,34-10,50.08027,19.97279
1165,34-11,50.0773,19.97279
1166,34-12,50.074329999999996,19.97279
1167,34-13,50.07136,19.97279
1168,34-14,50.06839,19.97279
1169,34-15,50.065419999999996,19.97279
1170,34-16,50.06245,19.97279
1171,34-17,50.05948,19.97279
1172,34-18,50.056509999999996,19.97279
1173,34-19,50.05354,19.97279
1174,34-20,50.05057,19.97279
1175,34-21,50.0476,19.97279
1176,34-22,50.04463,19.97279
1177,34-23,50.04166,19.97279
1178,34-24,50.03869,19.97279
1179,34-25,50.03572,19.97279
1180,34-26,50.03275,19.97279
1181,34-27,50.02978,19.97279
1182,34-28,50.02681,19.97279
1183,34-29,50.02384,19.97279
1184,34-30,50.02087,19.97279
1185,34-31,50.0179,19.97279
1186,34-32,50.01493,19.97279
1187,34-33,50.01196,19.97279
1188,34-34,50.00899,19.97279
1189,34-35,50.00602,19.97279
1190,35-1,50.107,19.97742
1191,35-2,50.10403,19.97742
1192,35-3,50.10106,19.97742
1193,35-4,50.09809,19.97742
1194,35-5,50.09512,19.97742
1195,35-6,50.09215,19.97742
1196,35-7,50.08918,19.97742
1197,35-8,50.08621,19.97742
1198,35-9,50.083239999999996,19.97742
1199,35-10,50.08027,19.97742
1200,35-11,50.0773,19.97742
1201,35-12,50.074329999999996,19.97742
1202,35-13,50.07136,19.97742
1203,35-14,50.06839,19.97742
1204,35-15,50.065419999999996,19.97742
1205,35-16,50.06245,19.97742
1206,35-17,50.05948,19.97742
1207,35-18,50.056509999999996,19.97742
1208,35-19,50.05354,19.97742
1209,35-20,50.05057,19.97742
1210,35-21,50.0476,19.97742
1211,35-22,50.04463,19.97742
1212,35-23,50.04166,19.97742
1213,35-24,50.03869,19.97742
1214,35-25,50.03572,19.97742
1215,35-26,50.03275,19.97742
1216,35-27,50.02978,19.97742
1217,35-28,50.02681,19.97742
1218,35-29,50.02384,19.97742
1219,35-30,50.02087,19.97742
1220,35-31,50.0179,19.97742
1221,35-32,50.01493,19.97742
1222,35-33,50.01196,19.97742
1223,35-34,50.00899,19.97742
1224,35-35,50.00602,19.97742
1225,36-1,50.107,19.98205
1226,36-2,50.10403,19.98205
1227,36-3,50.10106,19.98205
1228,36-4,50.09809,19.98205
1229,36-5,50.09512,19.98205
1230,36-6,50.09215,19.98205
1231,36-7,50.08918,19.98205
1232,36-8,50.08621,19.98205
1233,36-9,50.083239999999996,19.98205
1234,36-10,50.08027,19.98205
1235,36-11,50.0773,19.98205
1236,36-12,50.074329999999996,19.98205
1237,36-13,50.07136,19.98205
1238,36-14,50.06839,19.98205
1239,36-15,50.065419999999996,19.98205
1240,36-16,50.06245,19.98205
1241,36-17,50.05948,19.98205
1242,36-18,50.056509999999996,19.98205
1243,36-19,50.05354,19.98205
1244,36-20,50.05057,19.98205
1245,36-21,50.0476,19.98205
1246,36-22,50.04463,19.98205
1247,36-23,50.04166,19.98205
1248,36-24,50.03869,19.98205
1249,36-25,50.03572,19.98205
1250,36-26,50.03275,19.98205
1251,36-27,50.02978,19.98205
1252,36-28,50.02681,19.98205
1253,36-29,50.02384,19.98205
1254,36-30,50.02087,19.98205
1255,36-31,50.0179,19.98205
1256,36-32,50.01493,19.98205
1257,36-33,50.01196,19.98205
1258,36-34,50.00899,19.98205
1259,36-35,50.00602,19.98205
1260,37-1,50.107,19.98668
1261,37-2,50.10403,19.98668
1262,37-3,50.10106,19.98668
1263,37-4,50.09809,19.98668
1264,37-5,50.09512,19.98668
1265,37-6,50.09215,19.98668
1266,37-7,50.08918,19.98668
1267,37-8,50.08621,19.98668
1268,37-9,50.083239999999996,19.98668
1269,37-10,50.08027,19.98668
1270,37-11,50.0773,19.98668
1271,37-12,50.074329999999996,19.98668
1272,37-13,50.07136,19.98668
1273,37-14,50.06839,19.98668
1274,37-15,50.065419999999996,19.98668
1275,37-16,50.06245,19.98668
1276,37-17,50.05948,19.98668
1277,37-18,50.056509999999996,19.98668
1278,37-19,50.05354,19.98668
1279,37-20,50.05057,19.98668
1280,37-21,50.0476,19.98668
1281,37-22,50.04463,19.98668
1282,37-23,50.04166,19.98668
1283,37-24,50.03869,19.98668
1284,37-25,50.03572,19.98668
1285,37-26,50.03275,19.98668
1286,37-27,50.02978,19.98668
1287,37-28,50.02681,19.98668
1288,37-29,50.02384,19.98668
1289,37-30,50.02087,19.98668
1290,37-31,50.0179,19.98668
1291,37-32,50.01493,19.98668
1292,37-33,50.01196,19.98668
1293,37-34,50.00899,19.98668
1294,37-35,50.00602,19.98668
1295,38-1,50.107,19.99131
1296,38-2,50.10403,19.99131
1297,38-3,50.10106,19.99131
1298,38-4,50.09809,19.99131
1299,38-5,50.09512,19.99131
1300,38-6,50.09215,19.99131
1301,38-7,50.08918,19.99131
1302,38-8,50.08621,19.99131
1303,38-9,50.083239999999996,19.99131
1304,38-10,50.08027,19.99131
1305,38-11,50.0773,19.99131
1306,38-12,50.074329999999996,19.99131
1307,38-13,50.07136,19.99131
1308,38-14,50.06839,19.99131
1309,38-15,50.065419999999996,19.99131
1310,38-16,50.06245,19.99131
1311,38-17,50.05948,19.99131
1312,38-18,50.056509999999996,19.99131
1313,38-19,50.05354,19.99131
1314,38-20,50.05057,19.99131
1315,38-21,50.0476,19.99131
1316,38-22,50.04463,19.99131
1317,38-23,50.04166,19.99131
1318,38-24,50.03869,19.99131
1319,38-25,50.03572,19.99131
1320,38-26,50.03275,19.99131
1321,38-27,50.02978,19.99131
1322,38-28,50.02681,19.99131
1323,38-29,50.02384,19.99131
1324,38-30,50.02087,19.99131
1325,38-31,50.0179,19.99131
1326,38-32,50.01493,19.99131
1327,38-33,50.01196,19.99131
1328,38-34,50.00899,19.99131
1329,38-35,50.00602,19.99131
1330,39-1,50.107,19.99594
1331,39-2,50.10403,19.99594
1332,39-3,50.10106,19.99594
1333,39-4,50.09809,19.99594
1334,39-5,50.09512,19.99594
1335,39-6,50.09215,19.99594
1336,39-7,50.08918,19.99594
1337,39-8,50.08621,19.99594
1338,39-9,50.083239999999996,19.99594
1339,39-10,50.08027,19.99594
1340,39-11,50.0773,19.99594
1341,39-12,50.074329999999996,19.99594
1342,39-13,50.07136,19.99594
1343,39-14,50.06839,19.99594
1344,39-15,50.065419999999996,19.99594
1345,39-16,50.06245,19.99594
1346,39-17,50.05948,19.99594
1347,39-18,50.056509999999996,19.99594
1348,39-19,50.05354,19.99594
1349,39-20,50.05057,19.99594
1350,39-21,50.0476,19.99594
1351,39-22,50.04463,19.99594
1352,39-23,50.04166,19.99594
1353,39-24,50.03869,19.99594
1354,39-25,50.03572,19.99594
1355,39-26,50.03275,19.99594
1356,39-27,50.02978,19.99594
1357,39-28,50.02681,19.99594
1358,39-29,50.02384,19.99594
1359,39-30,50.02087,19.99594
1360,39-31,50.0179,19.99594
1361,39-32,50.01493,19.99594
1362,39-33,50.01196,19.99594
1363,39-34,50.00899,19.99594
1364,39-35,50.00602,19.99594
1365,40-1,50.107,20.00057
1366,40-2,50.10403,20.00057
1367,40-3,50.10106,20.00057
1368,40-4,50.09809,20.00057
1369,40-5,50.09512,20.00057
1370,40-6,50.09215,20.00057
1371,40-7,50.08918,20.00057
1372,40-8,50.08621,20.00057
1373,40-9,50.083239999999996,20.00057
1374,40-10,50.08027,20.00057
1375,40-11,50.0773,20.00057
1376,40-12,50.074329999999996,20.00057
1377,40-13,50.07136,20.00057
1378,40-14,50.06839,20.00057
1379,40-15,50.065419999999996,20.00057
1380,40-16,50.06245,20.00057
1381,40-17,50.05948,20.00057
1382,40-18,50.056509999999996,20.00057
1383,40-19,50.05354,20.00057
1384,40-20,50.05057,20.00057
1385,40-21,50.0476,20.00057
1386,40-22,50.04463,20.00057
1387,40-23,50.04166,20.00057
1388,40-24,50.03869,20.00057
1389,40-25,50.03572,20.00057
1390,40-26,50.03275,20.00057
1391,40-27,50.02978,20.00057
1392,40-28,50.02681,20.00057
1393,40-29,50.02384,20.00057
1394,40-30,50.02087,20.00057
1395,40-31,50.0179,20.00057
1396,40-32,50.01493,20.00057
1397,40-33,50.01196,20.00057
1398,40-34,50.00899,20.00057
1399,40-35,50.00602,20.00057
1400,41-1,50.107,20.0052
1401,41-2,50.10403,20.0052
1402,41-3,50.10106,20.0052
1403,41-4,50.09809,20.0052
1404,41-5,50.09512,20.0052
1405,41-6,50.09215,20.0052
1406,41-7,50.08918,20.0052
1407,41-8,50.08621,20.0052
1408,41-9,50.083239999999996,20.0052
1409,41-10,50.08027,20.0052
1410,41-11,50.0773,20.0052
1411,41-12,50.074329999999996,20.0052
1412,41-13,50.07136,20.0052
1413,41-14,50.06839,20.0052
1414,41-15,50.065419999999996,20.0052
1415,41-16,50.06245,20.0052
1416,41-17,50.05948,20.0052
1417,41-18,50.056509999999996,20.0052
1418,41-19,50.05354,20.0052
1419,41-20,50.05057,20.0052
1420,41-21,50.0476,20.0052
1421,41-22,50.04463,20.0052
1422,41-23,50.04166,20.0052
1423,41-24,50.03869,20.0052
1424,41-25,50.03572,20.0052
1425,41-26,50.03275,20.0052
1426,41-27,50.02978,20.0052
1427,41-28,50.02681,20.0052
1428,41-29,50.02384,20.0052
1429,41-30,50.02087,20.0052
1430,41-31,50.0179,20.0052
1431,41-32,50.01493,20.0052
1432,41-33,50.01196,20.0052
1433,41-34,50.00899,20.0052
1434,41-35,50.00602,20.0052
1435,42-1,50.107,20.00983
1436,42-2,50.10403,20.00983
1437,42-3,50.10106,20.00983
1438,42-4,50.09809,20.00983
1439,42-5,50.09512,20.00983
1440,42-6,50.09215,20.00983
1441,42-7,50.08918,20.00983
1442,42-8,50.08621,20.00983
1443,42-9,50.083239999999996,20.00983
1444,42-10,50.08027,20.00983
1445,42-11,50.0773,20.00983
1446,42-12,50.074329999999996,20.00983
1447,42-13,50.07136,20.00983
1448,42-14,50.06839,20.00983
1449,42-15,50.065419999999996,20.00983
1450,42-16,50.06245,20.00983
1451,42-17,50.05948,20.00983
1452,42-18,50.056509999999996,20.00983
1453,42-19,50.05354,20.00983
1454,42-20,50.05057,20.00983
1455,42-21,50.0476,20.00983
1456,42-22,50.04463,20.00983
1457,42-23,50.04166,20.00983
1458,42-24,50.03869,20.00983
1459,42-25,50.03572,20.00983
1460,42-26,50.03275,20.00983
1461,42-27,50.02978,20.00983
1462,42-28,50.02681,20.00983
1463,42-29,50.02384,20.00983
1464,42-30,50.02087,20.00983
1465,42-31,50.0179,20.00983
1466,42-32,50.01493,20.00983
1467,42-33,50.01196,20.00983
1468,42-34,50.00899,20.00983
1469,42-35,50.00602,20.00983
1470,43-1,50.107,20.01446
1471,43-2,50.10403,20.01446
1472,43-3,50.10106,20.01446
1473,43-4,50.09809,20.01446
1474,43-5,50.09512,20.01446
1475,43-6,50.09215,20.01446
1476,43-7,50.08918,20.01446
1477,43-8,50.08621,20.01446
1478,43-9,50.083239999999996,20.01446
1479,43-10,50.08027,20.01446
1480,43-11,50.0773,20.01446
1481,43-12,50.074329999999996,20.01446
1482,43-13,50.07136,20.01446
1483,43-14,50.06839,20.01446
1484,43-15,50.065419999999996,20.01446
1485,43-16,50.06245,20.01446
1486,43-17,50.05948,20.01446
1487,43-18,50.056509999999996,20.01446
1488,43-19,50.05354,20.01446
1489,43-20,50.05057,20.01446
1490,43-21,50.0476,20.01446
1491,43-22,50.04463,20.01446
1492,43-23,50.04166,20.01446
1493,43-24,50.03869,20.01446
1494,43-25,50.03572,20.01446
1495,43-26,50.03275,20.01446
1496,43-27,50.02978,20.01446
1497,43-28,50.02681,20.01446
1498,43-29,50.02384,20.01446
1499,43-30,50.02087,20.01446
1500,43-31,50.0179,20.01446
1501,43-32,50.01493,20.01446
1502,43-33,50.01196,20.01446
1503,43-34,50.00899,20.01446
1504,43-35,50.00602,20.01446
1505,44-1,50.107,20.01909
1506,44-2,50.10403,20.01909
1507,44-3,50.10106,20.01909
1508,44-4,50.09809,20.01909
1509,44-5,50.09512,20.01909
1510,44-6,50.09215,20.01909
1511,44-7,50.08918,20.01909
1512,44-8,50.08621,20.01909
1513,44-9,50.083239999999996,20.01909
1514,44-10,50.08027,20.01909
1515,44-11,50.0773,20.01909
1516,44-12,50.074329999999996,20.01909
1517,44-13,50.07136,20.01909
1518,44-14,50.06839,20.01909
1519,44-15,50.065419999999996,20.01909
1520,44-16,50.06245,20.01909
1521,44-17,50.05948,20.01909
1522,44-18,50.056509999999996,20.01909
1523,44-19,50.05354,20.01909
1524,44-20,50.05057,20.01909
1525,44-21,50.0476,20.01909
1526,44-22,50.04463,20.01909
1527,44-23,50.04166,20.01909
1528,44-24,50.03869,20.01909
1529,44-25,50.03572,20.01909
1530,44-26,50.03275,20.01909
1531,44-27,50.02978,20.01909
1532,44-28,50.02681,20.01909
1533,44-29,50.02384,20.01909
1534,44-30,50.02087,20.01909
1535,44-31,50.0179,20.01909
1536,44-32,50.01493,20.01909
1537,44-33,50.01196,20.01909
1538,44-34,50.00899,20.01909
1539,44-35,50.00602,20.01909
1540,45-1,50.107,20.02372
1541,45-2,50.10403,20.02372
1542,45-3,50.10106,20.02372
1543,45-4,50.09809,20.02372
1544,45-5,50.09512,20.02372
1545,45-6,50.09215,20.02372
1546,45-7,50.08918,20.02372
1547,45-8,50.08621,20.02372
1548,45-9,50.083239999999996,20.02372
1549,45-10,50.08027,20.02372
1550,45-11,50.0773,20.02372
1551,45-12,50.074329999999996,20.02372
1552,45-13,50.07136,20.02372
1553,45-14,50.06839,20.02372
1554,45-15,50.065419999999996,20.02372
1555,45-16,50.06245,20.02372
1556,45-17,50.05948,20.02372
1557,45-18,50.056509999999996,20.02372
1558,45-19,50.05354,20.02372
1559,45-20,50.05057,20.02372
1560,45-21,50.0476,20.02372
1561,45-22,50.04463,20.02372
1562,45-23,50.04166,20.02372
1563,45-24,50.03869,20.02372
1564,45-25,50.03572,20.02372
1565,45-26,50.03275,20.02372
1566,45-27,50.02978,20.02372
1567,45-28,50.02681,20.02372
1568,45-29,50.02384,20.02372
1569,45-30,50.02087,20.02372
1570,45-31,50.0179,20.02372
1571,45-32,50.01493,20.02372
1572,45-33,50.01196,20.02372
1573,45-34,50.00899,20.02372
1574,45-35,50.00602,20.02372
